revista,persona,frecuencia
Heraldo de la Mujer,Ana Roqué de Duprey,33
Heraldo de la Mujer,Concha Meléndez,10
Heraldo de la Mujer,Carmela Eulate Sanjurjo,10
Heraldo de la Mujer,Woodrow Wilson,7
Heraldo de la Mujer,Geraldine Maud Froscher,5
Heraldo de la Mujer,Amparo Fernández Náter,5
Heraldo de la Mujer,Carlota Mendez,5
Heraldo de la Mujer,Antonio Barceló,4
Heraldo de la Mujer,Tous Soto,4
Heraldo de la Mujer,Frédéric Chopin,4
Heraldo de la Mujer,Conde Despara,4
Heraldo de la Mujer,Arthur Langdon,4
Heraldo de la Mujer,Helen H. Gardener,3
Heraldo de la Mujer,Miles Poindexter,3
Heraldo de la Mujer,Ben B. Lindsey,3
Heraldo de la Mujer,Marie Bonnevial,3
Heraldo de la Mujer,Luisa Amelia de Hostos,3
Heraldo de la Mujer,Camille Flammarion,3
Heraldo de la Mujer,Francisco González Fagundo,2
Heraldo de la Mujer,Josefa Aguayo de Ventura,2
Heraldo de la Mujer,Alfredo González,2
Heraldo de la Mujer,Fidela M. de Rodríguez,2
Heraldo de la Mujer,Georges Clemenceau,2
Heraldo de la Mujer,Frieda von Buelow,2
Heraldo de la Mujer,Hermilia Galindo,2
Heraldo de la Mujer,Catherine Breshkovsky,2
Heraldo de la Mujer,Francis Jammes,2
Heraldo de la Mujer,Herbert Hoover,2
Heraldo de la Mujer,Margarita Pérez de Celis,2
Heraldo de la Mujer,Lloyd George,2
Heraldo de la Mujer,Muñoz Rivera,2
Heraldo de la Mujer,José de Diego,2
Heraldo de la Mujer,Federico Santander,2
Heraldo de la Mujer,Eugenio María de Hostos,2
Heraldo de la Mujer,Amado Nervo,2
Heraldo de la Mujer,Samuel Smiles,2
Heraldo de la Mujer,Aristarco de Samos,2
Heraldo de la Mujer,Nicolás Copérnico,2
Heraldo de la Mujer,Nicole Oresme,2
Heraldo de la Mujer,Aristóteles,2
Heraldo de la Mujer,Santo Tomás de Aquino,2
Heraldo de la Mujer,Cayetano Coll y Toste,2
Heraldo de la Mujer,Teodoro Aguilar,2
Heraldo de la Mujer,Isern Benítez,1
Heraldo de la Mujer,David Gray,1
Heraldo de la Mujer,Barón Sonnino,1
Heraldo de la Mujer,Juliet Barrett Rublee,1
Heraldo de la Mujer,U. S. Fawcett,1
Heraldo de la Mujer,Mme. Ravier,1
Heraldo de la Mujer,Captain Ravier,1
Heraldo de la Mujer,Mme. Pronsard,1
Heraldo de la Mujer,Souza Sales,1
Heraldo de la Mujer,Ana C. Bernal,1
Heraldo de la Mujer,Amalia Garcia,1
Heraldo de la Mujer,Y. C. McCandless,1
Heraldo de la Mujer,Wolfgang Amadeus Mozart,1
Heraldo de la Mujer,Vincenzo Bellini,1
Heraldo de la Mujer,Santos Sanchidrián,1
Heraldo de la Mujer,Cambucha de Sanchidrián,1
Heraldo de la Mujer,Sergio Cuevas Zequeira,1
Heraldo de la Mujer,Miguel Guerra,1
Heraldo de la Mujer,Salvador Brau,1
Heraldo de la Mujer,Lola Rodríguez de Tió,1
Heraldo de la Mujer,Vicente Palés,1
Heraldo de la Mujer,Dora Mayer,1
Heraldo de la Mujer,Carrie Chapman Catt,1
Heraldo de la Mujer,Julie Siegfried,1
Heraldo de la Mujer,Avril de Sainte-Croix,1
Heraldo de la Mujer,Louise Weiss,1
Heraldo de la Mujer,Paulina Luisi,1
Heraldo de la Mujer,María Angelina de Hostos,1
Heraldo de la Mujer,Alvina van Praet,1
Heraldo de la Mujer,Komako Kimura,1
Heraldo de la Mujer,Greta Winslow,1
Heraldo de la Mujer,Angel San Padilla,1
Heraldo de la Mujer,Marcelino Solá,1
Heraldo de la Mujer,Quintín Negrón Sanjurjo,1
Heraldo de la Mujer,Pedro Giusti,1
Heraldo de la Mujer,Sr. O'Neil,1
Heraldo de la Mujer,Antonio Otero,1
Heraldo de la Mujer,Dr. Janer,1
Heraldo de la Mujer,Sr. Vicenty,1
Heraldo de la Mujer,Monseñor Jones,1
Heraldo de la Mujer,Sra. Storrer de Lago,1
Heraldo de la Mujer,Sra. Arias de Delgado,1
Heraldo de la Mujer,Angelita C. de Miño,1
Heraldo de la Mujer,Ana Matilde Gonzalez Cuyar,1
Heraldo de la Mujer,Manuel del Valle Atiles,1
Heraldo de la Mujer,Lolita Roqué Cepero,1
Heraldo de la Mujer,Adela Astol,1
Heraldo de la Mujer,Rodolfo Gautier,1
Heraldo de la Mujer,Maria de Maeztu,1
Heraldo de la Mujer,Angel Giorgetti,1
Heraldo de la Mujer,Maria Vilarini,1
Heraldo de la Mujer,Sisila de Astol,1
Heraldo de la Mujer,Maria Barrera,1
Heraldo de la Mujer,Paul Margueritte,1
Heraldo de la Mujer,Gomez Carrillo,1
Heraldo de la Mujer,Santiago Alba,1
Heraldo de la Mujer,William Taft,1
Heraldo de la Mujer,Warren Harding,1
Heraldo de la Mujer,Rosalia de Castro,1
Heraldo de la Mujer,Garrigou Lagrange,1
Heraldo de la Mujer,Esopo,1
Heraldo de la Mujer,Joseph Lockyer,1
Heraldo de la Mujer,William Ramsay,1
Heraldo de la Mujer,Reina Hatsepsut,1
Heraldo de la Mujer,Reina Thyi,1
Heraldo de la Mujer,Amenophis III,1
Heraldo de la Mujer,Amenophis IV,1
Heraldo de la Mujer,John Ruskin,1
Heraldo de la Mujer,Isolina del Toro,1
Heraldo de la Mujer,Rosa Rotherberg,1
Heraldo de la Mujer,Annie Besant,1
Heraldo de la Mujer,Eduardo Alberto (Príncipe de Gales),1
Heraldo de la Mujer,Enrico Caruso,1
Heraldo de la Mujer,Cosima Liszt de Wagner,1
Heraldo de la Mujer,Petra Quijano,1
Heraldo de la Mujer,Alan Seeger,1
Heraldo de la Mujer,Friedrich Nietzsche,1
Heraldo de la Mujer,George Brandes,1
Heraldo de la Mujer,Voltaire,1
Heraldo de la Mujer,Armando D. García,1
Heraldo de la Mujer,Afranio Peixoto,1
Heraldo de la Mujer,Rafael del Valle,1
Heraldo de la Mujer,William Penn,1
Heraldo de la Mujer,Dolores Bolio,1
Heraldo de la Mujer,Prentice Mulford,1
Heraldo de la Mujer,Essad Pasha,1
Heraldo de la Mujer,Julia Reyes Ruiz,1
Heraldo de la Mujer,Blasco Ibáñez,1